<?xml version="1.0" encoding="UTF-8"?>
<beans xmlns="http://www.springframework.org/schema/beans"
	xmlns:xsi="http://www.w3.org/2001/XMLSchema-instance"
	xsi:schemaLocation="http://www.springframework.org/schema/beans http://www.springframework.org/schema/beans/spring-beans.xsd">

	<!-- xml 기반 설정 -->
	
	<!-- HandlerMapping 등록 -->
	<bean class="org.springframework.web.servlet.handler.SimpleUrlHandlerMapping">
	<!-- bean 태그를 사용 -->
	<!-- Spring에서는 SimpleUrlHandlerMapping을 지원(주소를 잘 기억해두자) -->
		<property name="mappings">
			<props>
				<prop key="/login.do">login</prop>
				<prop key="/getBoard.do">getBoard</prop>
				<prop key="/getBoardList.do">getBoardList</prop>
				<prop key="/insertBoard.do">insertBoard</prop>
				<prop key="/updateBoard.do">updateBoard</prop>
				<prop key="/deleteBoard.do">deleteBoard</prop>
				<prop key="/logout.do">logout</prop>
				<!-- prop태그는 어떤 프로그램을 실행할것인가를 결정하여 보낼때 사용되는 태그 -->
			</props>
			<!-- props태그는 prop태그들을 수용하는 태그 -->
		</property>
		<!-- property 태그 안에 props태그 안에 prop태그 생성. prop태그 안에 key 속성에는 url값이 들어간다.-->
	</bean>
	
	<!-- Controller 등록 -->
	<bean id="login" class="com.company.view.user.LoginController"></bean>
	<bean id="getBoard" class="com.company.view.board.GetBoardController"></bean>
	<bean id="getBoardList" class="com.company.view.board.GetBoardListController"></bean>
	<bean id="insertBoard" class="com.company.view.board.InsertBoardController"></bean>
	<bean id="updateBoard" class="com.company.view.board.UpdateBoardController"></bean>
	<bean id="deleteBoard" class="com.company.view.board.DeleteBoardController"></bean>
	<bean id="logout" class="com.company.view.user.LogoutController"></bean>
	<!-- bean태그의 id속성에는 property 태그 안에 prop태그에 적힌 값(key 아님),class에는 컨트롤러의 위치  -->
	
	<!-- ViewResolver 등록 -->
	<bean id="viewResolver" 
	class="org.springframework.web.servlet.view.InternalResourceViewResolver">	
	<!-- bean 태그를 사용 -->
	<!-- Spring에서는 InternalResourceViewResolver을 지원(주소를 잘 기억해두자) -->
	<property name="prefix" value="/WEB-INF/board/"></property>
	<property name="suffix" value=".jsp"></property>
	</bean>
	
</beans>
